ticker,date,fwd_ret,label,horizon
005930.KS,2021-10-25,0.06695159523868077,1,20
005930.KS,2021-10-26,0.05907153591725356,1,20
005930.KS,2021-10-27,0.06704709712074974,1,20
005930.KS,2021-10-28,0.042432679617495195,0,20
005930.KS,2021-10-29,0.035816565799146716,0,20
005930.KS,2021-11-01,0.03433500580292259,0,20
005930.KS,2021-11-02,-0.0027972416559579605,0,20
005930.KS,2021-11-03,0.05681787629606605,1,20
005930.KS,2021-11-04,0.07365414136568904,1,20
005930.KS,2021-11-05,0.07692324508867121,1,20
005930.KS,2021-11-08,0.08073663379871854,1,20
005930.KS,2021-11-09,0.09787219581683226,1,20
005930.KS,2021-11-10,0.10256402315257196,1,20
005930.KS,2021-11-11,0.11874127503291776,1,20
005930.KS,2021-11-12,0.08923473105893387,1,20
005930.KS,2021-11-15,0.07563009656463371,1,20
005930.KS,2021-11-16,0.07994387671244096,1,20
005930.KS,2021-11-17,0.09759538018940006,1,20
005930.KS,2021-11-18,0.10826210878113796,1,20
005930.KS,2021-11-19,0.0955057585794925,1,20
005930.KS,2021-11-22,0.029372452588521725,0,20
005930.KS,2021-11-23,0.03718478156011473,0,20
005930.KS,2021-11-24,0.061497383499920844,1,20
005930.KS,2021-11-25,0.08412508248351025,1,20
005930.KS,2021-11-26,0.11341636606540906,1,20
005930.KS,2021-11-29,0.10926693073272031,1,20
005930.KS,2021-11-30,0.12622723354607057,1,20
005930.KS,2021-12-01,0.06392296899940897,1,20
005930.KS,2021-12-02,0.03764643369851517,0,20
005930.KS,2021-12-03,0.04570632167516386,0,20
005930.KS,2021-12-06,0.018997656078195035,0,20
005930.KS,2021-12-07,-0.001973096185795331,0,20
005930.KS,2021-12-08,0.016196418685018088,0,20
005930.KS,2021-12-09,0.0019468052050000129,0,20
005930.KS,2021-12-10,0.030641479829253804,0,20
005930.KS,2021-12-13,0.031983136293681325,0,20
005930.KS,2021-12-14,0.016256857889601406,0,20
005930.KS,2021-12-15,0.0006324178765944044,0,20
005930.KS,2021-12-16,0.0006426277425377602,0,20
005930.KS,2021-12-17,-0.008362688805686358,0,20
005930.KS,2021-12-20,-0.005906823140990114,0,20
005930.KS,2021-12-21,-0.016063040400444484,0,20
005930.KS,2021-12-22,-0.04355913222560559,0,20
005930.KS,2021-12-23,-0.055830530995453986,0,20
005930.KS,2021-12-24,-0.07659446155645044,0,20
005930.KS,2021-12-27,-0.07314027802184586,0,20
005930.KS,2021-12-28,-0.10807000786557508,0,20
005930.KS,2021-12-29,-0.06979704247957874,0,20
005930.KS,2021-12-30,-0.06385694933340391,0,20
005930.KS,2022-01-04,-0.0597208086598775,0,20
005930.KS,2022-01-05,-0.05684761549255435,0,20
005930.KS,2022-01-06,-0.05071518241417472,0,20
005930.KS,2022-01-07,-0.06768832293368421,0,20
005930.KS,2022-01-10,-0.0333332390259381,0,20
005930.KS,2022-01-11,-0.05069739237205273,0,20
005930.KS,2022-01-12,-0.06590644872121876,0,20
005930.KS,2022-01-13,-0.05391531487772472,0,20
005930.KS,2022-01-14,-0.032341191433320815,0,20
005930.KS,2022-01-17,-0.03225816343584165,0,20
005930.KS,2022-01-18,-0.03506486506208617,0,20
005930.KS,2022-01-19,-0.026212531774510217,0,20
005930.KS,2022-01-20,-0.028758315692304914,0,20
005930.KS,2022-01-21,-0.017195940651017372,0,20
005930.KS,2022-01-24,-0.04793609048686531,0,20
005930.KS,2022-01-25,-0.028378175176529186,0,20
005930.KS,2022-01-26,-0.028378175176529186,0,20
005930.KS,2022-01-27,0.005610192341458875,0,20
005930.KS,2022-01-28,-0.005456770164082858,0,20
005930.KS,2022-02-03,-0.005456770164082858,0,20
005930.KS,2022-02-04,-0.0527024564115216,0,20
005930.KS,2022-02-07,-0.047945368734417015,0,20
005930.KS,2022-02-08,-0.047945368734417015,0,20
005930.KS,2022-02-09,-0.04109593898926556,0,20
005930.KS,2022-02-10,-0.06896554053141335,0,20
005930.KS,2022-02-11,-0.06275004056855815,0,20
005930.KS,2022-02-14,-0.04477595610920271,0,20
005930.KS,2022-02-15,-0.04477595610920271,0,20
005930.KS,2022-02-16,-0.05481322545831391,0,20
005930.KS,2022-02-17,-0.06799989407393459,0,20
005930.KS,2022-02-18,-0.05383573385010232,0,20
005930.KS,2022-02-21,-0.05114378437261924,0,20
005930.KS,2022-02-22,-0.06056509348598493,0,20
005930.KS,2022-02-23,-0.06056509348598493,0,20
005930.KS,2022-02-24,-0.025174887434576743,0,20
005930.KS,2022-02-25,-0.02364375882041503,0,20
005930.KS,2022-02-28,-0.02279097851935663,0,20
005930.KS,2022-03-02,-0.024271229786898108,0,20
005930.KS,2022-03-03,-0.04722686255899455,0,20
005930.KS,2022-03-04,-0.04446924508460648,0,20
005930.KS,2022-03-07,-0.0077360052490342834,0,20
005930.KS,2022-03-08,-0.00929356782009172,0,20
005930.KS,2022-03-10,-0.01652499895736037,0,20
005930.KS,2022-03-11,-0.02642192199192428,0,20
005930.KS,2022-03-14,-0.027763853332182342,0,20
005930.KS,2022-03-15,-0.04065083705061623,0,20
005930.KS,2022-03-16,-0.01910357712906885,0,20
005930.KS,2022-03-17,-0.03623702722406674,0,20
005930.KS,2022-03-18,-0.05312234779179914,0,20
005930.KS,2022-03-21,-0.04084752305299477,0,20
005930.KS,2022-03-22,-0.037725679986646665,0,20
005930.KS,2022-03-23,-0.039030130905660765,0,20
005930.KS,2022-03-24,-0.02507253578514146,0,20
005930.KS,2022-03-25,-0.03515321784313741,0,20
005930.KS,2022-03-28,-0.043863753128532634,0,20
005930.KS,2022-03-29,-0.05353751850177968,0,20
005930.KS,2022-03-30,-0.07010014435766876,0,20
005930.KS,2022-03-31,-0.06896543357095686,0,20
005930.KS,2022-04-01,-0.024602032857741207,0,20
005930.KS,2022-04-04,-0.02885978024227509,0,20
005930.KS,2022-04-05,-0.024566478396798264,0,20
005930.KS,2022-04-06,-0.008759157829468456,0,20
005930.KS,2022-04-07,-0.022059063665282097,0,20
005930.KS,2022-04-08,-0.03097354170379607,0,20
005930.KS,2022-04-11,-0.03240071501801478,0,20
005930.KS,2022-04-12,-0.03134312839572451,0,20
005930.KS,2022-04-13,-0.03202335711445137,0,20
005930.KS,2022-04-14,-0.01777790982414551,0,20
005930.KS,2022-04-15,0.015015204624533762,0,20
005930.KS,2022-04-18,0.020989654240834543,0,20
005930.KS,2022-04-19,0.0029716540128745805,0,20
005930.KS,2022-04-20,0.00890223812220059,0,20
005930.KS,2022-04-21,0.002954221263570478,0,20
005930.KS,2022-04-22,-0.007462685626640764,0,20
005930.KS,2022-04-25,0.0015085246063868407,0,20
005930.KS,2022-04-26,-0.003025858433156836,0,20
005930.KS,2022-04-27,0.02307672072028777,0,20
005930.KS,2022-04-28,0.04475316655571948,0,20
005930.KS,2022-04-29,0.0,0,20
005930.KS,2022-05-02,-0.008915589380137035,0,20
005930.KS,2022-05-03,-0.010370442185061557,0,20
005930.KS,2022-05-04,-0.03534617238530191,0,20
005930.KS,2022-05-06,-0.018044932721800078,0,20
005930.KS,2022-05-10,-0.0076102199872492005,0,20
005930.KS,2022-05-11,-0.028919350047049375,0,20
005930.KS,2022-05-12,-0.043143337074592725,0,20
005930.KS,2022-05-13,-0.06917277117412435,0,20
005930.KS,2022-05-16,-0.08446451452017822,0,20
005930.KS,2022-05-17,-0.09911241624214451,0,20
005930.KS,2022-05-18,-0.12187960367921113,0,20
005930.KS,2022-05-19,-0.1303703796367821,0,20
005930.KS,2022-05-20,-0.13970589239664677,0,20
005930.KS,2022-05-23,-0.1516937903267126,0,20
005930.KS,2022-05-24,-0.13684199900284388,0,20
005930.KS,2022-05-25,-0.12048206943525297,0,20
005930.KS,2022-05-26,-0.1077388991253585,0,20
005930.KS,2022-05-27,-0.10676675136293134,0,20
005930.KS,2022-05-30,-0.13804066736177023,0,20
005930.KS,2022-05-31,-0.1491315157771288,0,20
005930.KS,2022-06-02,-0.15226914975689576,0,20
005930.KS,2022-06-03,-0.13998286294062556,0,20
005930.KS,2022-06-07,-0.12137773374283167,0,20
005930.KS,2022-06-08,-0.131012943980925,0,20
005930.KS,2022-06-09,-0.10190381512885605,0,20
005930.KS,2022-06-10,-0.0743113360025962,0,20
005930.KS,2022-06-13,-0.047350410510504815,0,20
005930.KS,2022-06-14,-0.05565010172722451,0,20
005930.KS,2022-06-15,-0.03863834011463141,0,20
005930.KS,2022-06-16,-0.05005597455203026,0,20
005930.KS,2022-06-17,0.009479539953514138,0,20
005930.KS,2022-06-20,0.060962428148529035,1,20
005930.KS,2022-06-21,0.04739100072719582,0,20
005930.KS,2022-06-22,0.05676975381800475,1,20
005930.KS,2022-06-23,0.0832383810345585,1,20
005930.KS,2022-06-24,0.05607594469081256,1,20
005930.KS,2022-06-27,0.04546960447670845,0,20
005930.KS,2022-06-28,0.045072005863616926,0,20
005930.KS,2022-06-29,0.0655171755150803,1,20
005930.KS,2022-06-30,0.08596495399880122,1,20
005930.KS,2022-07-01,0.09252675602502913,1,20
005930.KS,2022-07-04,0.07355532931684072,1,20
005930.KS,2022-07-05,0.07867143563731038,1,20
005930.KS,2022-07-06,0.08687970833875869,1,20
005930.KS,2022-07-07,0.05670104765257866,1,20
005930.KS,2022-07-08,0.047700200195190945,0,20
005930.KS,2022-07-11,0.03401362971649591,0,20
005930.KS,2022-07-12,0.0327022051999204,0,20
005930.KS,2022-07-13,0.01896562002949609,0,20
005930.KS,2022-07-14,0.0417391601344701,0,20
005930.KS,2022-07-15,0.0033333706342224545,0,20
005930.KS,2022-07-18,-0.014539640422306044,0,20
005930.KS,2022-07-19,-0.00821016919628248,0,20
005930.KS,2022-07-20,0.016529041412842504,0,20
005930.KS,2022-07-21,-0.014563100203679125,0,20
005930.KS,2022-07-22,-0.021207309588932355,0,20
005930.KS,2022-07-25,-0.03273317521359831,0,20
005930.KS,2022-07-26,-0.04376017121649789,0,20
005930.KS,2022-07-27,-0.03398065767805769,0,20
005930.KS,2022-07-28,-0.03069470605721747,0,20
005930.KS,2022-07-29,-0.04560256712724453,0,20
005930.KS,2022-08-01,-0.04078317708834278,0,20
005930.KS,2022-08-02,-0.03241513308344768,0,20
005930.KS,2022-08-03,-0.047308466254812886,0,20
005930.KS,2022-08-04,-0.06504075747180516,0,20
005930.KS,2022-08-05,-0.07154482639565296,0,20
005930.KS,2022-08-08,-0.060855287904807986,0,20
005930.KS,2022-08-09,-0.06666657341444415,0,20
005930.KS,2022-08-10,-0.05922177955035868,0,20
005930.KS,2022-08-11,-0.030050068970058796,0,20
005930.KS,2022-08-12,-0.05647847756984781,0,20
005930.KS,2022-08-16,-0.08196710033995935,0,20
005930.KS,2022-08-17,-0.06953643741418414,0,20
005930.KS,2022-08-18,-0.08292703230404497,0,20
005930.KS,2022-08-19,-0.08374384983213223,0,20
005930.KS,2022-08-22,-0.07833319578630504,0,20
005930.KS,2022-08-23,-0.07952635925153029,0,20
005930.KS,2022-08-24,-0.07627128589452559,0,20
005930.KS,2022-08-25,-0.09715240019996274,0,20
005930.KS,2022-08-26,-0.09666669930494454,0,20
005930.KS,2022-08-29,-0.0972696658774761,0,20
005930.KS,2022-08-30,-0.09929556270949191,0,20
005930.KS,2022-08-31,-0.10444118670821123,0,20
005930.KS,2022-09-01,-0.048299917740041276,0,20
005930.KS,2022-09-02,-0.0193950191441139,0,20
005930.KS,2022-09-05,-0.0072357275041645686,0,20
005930.KS,2022-09-06,-0.0089990029442798,0,20
005930.KS,2022-09-07,-0.003916842738501791,0,20
005930.KS,2022-09-08,0.010492912621579142,0,20
005930.KS,2022-09-13,-0.043385851988311464,0,20
005930.KS,2022-09-14,-0.0019922320238848767,0,20
005930.KS,2022-09-15,0.017658913511136687,0,20
005930.KS,2022-09-16,0.012245950018185514,0,20
005930.KS,2022-09-19,-0.0038401815442421494,0,20
005930.KS,2022-09-20,0.0014578932367319553,0,20
005930.KS,2022-09-21,0.017795480858006973,0,20
005930.KS,2022-09-22,0.06424789258763375,1,20
005930.KS,2022-09-23,0.06599010723945842,1,20
005930.KS,2022-09-26,0.10961318448097801,1,20
005930.KS,2022-09-27,0.10532885371662681,1,20
005930.KS,2022-09-28,0.09061831033220646,1,20
005930.KS,2022-09-29,0.1292776307104999,1,20
005930.KS,2022-09-30,0.12994348863493665,1,20
005930.KS,2022-10-04,0.07971023520172982,1,20
005930.KS,2022-10-05,0.05714276783472272,1,20
005930.KS,2022-10-06,0.05506230620687291,1,20
005930.KS,2022-10-07,0.07117438223848183,1,20
005930.KS,2022-10-11,0.11552336168631983,1,20
005930.KS,2022-10-12,0.11111123559478076,1,20
005930.KS,2022-10-13,0.09420292973635513,1,20
005930.KS,2022-10-14,0.11722912045846923,1,20
005930.KS,2022-10-17,0.09363960576378538,1,20
005930.KS,2022-10-18,0.1044247390716666,1,20
005930.KS,2022-10-19,0.12365605251677225,1,20
005930.KS,2022-10-20,0.10630626787986408,1,20
005930.KS,2022-10-21,0.10554550367146431,1,20
005930.KS,2022-10-24,0.06782616561521904,1,20
005930.KS,2022-10-25,0.05025995119224769,1,20
005930.KS,2022-10-26,0.02693591495788672,0,20
005930.KS,2022-10-27,0.03193295346197633,0,20
005930.KS,2022-10-28,0.06457242824077536,1,20
005930.KS,2022-10-31,0.011784454023635593,0,20
005930.KS,2022-11-01,0.009999941652014899,0,20
005930.KS,2022-11-02,0.04362399704791664,0,20
005930.KS,2022-11-03,0.05743242672427873,1,20
005930.KS,2022-11-04,0.016834964389558893,0,20
005930.KS,2022-11-07,0.0016610621770194456,0,20
005930.KS,2022-11-08,-0.04207117820515194,0,20
005930.KS,2022-11-09,-0.0500001176370547,0,20
005930.KS,2022-11-10,-0.019867571603244705,0,20
005930.KS,2022-11-11,-0.03974554286556342,0,20
005930.KS,2022-11-14,-0.03877238967511365,0,20
005930.KS,2022-11-15,-0.04326934379892389,0,20
005930.KS,2022-11-16,-0.03508788722421885,0,20
005930.KS,2022-11-17,-0.03420199154239323,0,20
005930.KS,2022-11-18,-0.03721693858523667,0,20
005930.KS,2022-11-21,-0.03094479477067391,0,20
005930.KS,2022-11-22,-0.03300320136789037,0,20
005930.KS,2022-11-23,-0.04918024834516155,0,20
005930.KS,2022-11-24,-0.037459188314112546,0,20
005930.KS,2022-11-25,-0.047540902178778044,0,20
005930.KS,2022-11-28,-0.036605628507102916,0,20
005930.KS,2022-11-29,-0.041254036096937674,0,20
005930.KS,2022-11-30,-0.08434266378544986,0,20
005930.KS,2022-12-01,-0.11109013199334472,0,20
005930.KS,2022-12-02,-0.07538082134310764,0,20
005930.KS,2022-12-05,-0.0755159964515687,0,20
005930.KS,2022-12-06,-0.017544101728249273,0,20
005930.KS,2022-12-07,-0.005706583076536598,0,20
005930.KS,2022-12-08,0.002852771585657221,0,20
005930.KS,2022-12-09,0.011250203555528637,0,20
005930.KS,2022-12-12,0.02147304238628034,0,20
005930.KS,2022-12-13,0.019736462278597156,0,20
005930.KS,2022-12-14,0.006252327977970706,0,20
005930.KS,2022-12-15,0.031705474660373545,0,20
005930.KS,2022-12-16,0.03331138103887721,0,20
005930.KS,2022-12-19,0.03162005971808601,0,20
005930.KS,2022-12-20,0.037160993705117606,0,20
005930.KS,2022-12-21,0.06697443072093168,1,20
005930.KS,2022-12-22,0.05222299167021616,1,20
005930.KS,2022-12-23,0.09631276470089056,1,20
005930.KS,2022-12-26,0.10878911666868585,1,20
005930.KS,2022-12-27,0.1188279558715939,1,20
005930.KS,2022-12-28,0.11837460161535263,1,20
005930.KS,2022-12-29,0.11030737225452958,1,20
005930.KS,2023-01-02,0.09909906884477016,1,20
005930.KS,2023-01-03,0.14620920571911666,1,20
005930.KS,2023-01-04,0.09861573024819092,1,20
005930.KS,2023-01-05,0.05841926893077476,1,20
005930.KS,2023-01-06,0.05084754924445534,1,20
005930.KS,2023-01-09,0.03953873117912421,0,20
005930.KS,2023-01-10,0.04801333336076263,0,20
005930.KS,2023-01-11,0.03966936932237264,0,20
005930.KS,2023-01-12,0.03966936932237264,0,20
005930.KS,2023-01-13,0.039473703033711116,0,20
005930.KS,2023-01-16,0.018003143849377734,0,20
005930.KS,2023-01-17,0.04426238401806981,0,20
005930.KS,2023-01-18,0.036423924618921966,0,20
005930.KS,2023-01-19,0.019512201692353237,0,20
005930.KS,2023-01-20,0.004854371209407349,0,20
005930.KS,2023-01-25,-0.034755145651612196,0,20
005930.KS,2023-01-26,-0.02821304912760536,0,20
005930.KS,2023-01-27,-0.05108366854694035,0,20
005930.KS,2023-01-30,-0.04423388716996568,0,20
005930.KS,2023-01-31,-0.013029455268070977,0,20
005930.KS,2023-02-01,-0.0032786900829199217,0,20
005930.KS,2023-02-02,-0.04724405083334349,0,20
005930.KS,2023-02-03,-0.03149594692159563,0,20
005930.KS,2023-02-06,-0.014610395504568219,0,20
005930.KS,2023-02-07,-0.027419430800756928,0,20
005930.KS,2023-02-08,-0.04754366597968951,0,20
005930.KS,2023-02-09,-0.060031680647971264,0,20
005930.KS,2023-02-10,-0.04610488386152267,0,20
005930.KS,2023-02-13,-0.06200314238192972,0,20
005930.KS,2023-02-14,-0.05379749303378378,0,20
005930.KS,2023-02-15,-0.03697737601998086,0,20
005930.KS,2023-02-16,-0.037676558783052094,0,20
005930.KS,2023-02-17,-0.03833873699322199,0,20
005930.KS,2023-02-20,-0.03827759066203218,0,20
005930.KS,2023-02-21,-0.016102933707506484,0,20
005930.KS,2023-02-22,0.019639805615233152,0,20
005930.KS,2023-02-23,0.01612910444894622,0,20
005930.KS,2023-02-24,0.013050440238679517,0,20
005930.KS,2023-02-27,0.03966936932237264,0,20
005930.KS,2023-02-28,0.034653618619370885,0,20
005930.KS,2023-03-02,0.0454932356554647,0,20
005930.KS,2023-03-03,0.06397711416505691,1,20
005930.KS,2023-03-06,0.031957789832074646,0,20
005930.KS,2023-03-07,0.05384349061185767,1,20
005930.KS,2023-03-08,0.06583813832241692,1,20
005930.KS,2023-03-09,0.04260869187680649,0,20
005930.KS,2023-03-10,0.09876327417704167,1,20
005930.KS,2023-03-13,0.10134095482975258,1,20
005930.KS,2023-03-14,0.12341731675651602,1,20
005930.KS,2023-03-15,0.11007026199075298,1,20
005930.KS,2023-03-16,0.10989610123624605,1,20
005930.KS,2023-03-17,0.06813998693401957,1,20
005930.KS,2023-03-20,0.09099923892383743,1,20
005930.KS,2023-03-21,0.09419379007620532,1,20
005930.KS,2023-03-22,0.07822089497280338,1,20
005930.KS,2023-03-23,0.05422403909663176,1,20
005930.KS,2023-03-24,0.04889598885417357,0,20
005930.KS,2023-03-27,0.055999643043343594,1,20
005930.KS,2023-03-28,0.01698415224663319,0,20
005930.KS,2023-03-29,0.0282487122218551,0,20
005930.KS,2023-03-30,0.022152011110702086,0,20
005930.KS,2023-03-31,0.023437495475862047,0,20
005930.KS,2023-04-03,0.04120430863712676,0,20
005930.KS,2023-04-04,0.02830204927320401,0,20
005930.KS,2023-04-05,0.018779299457793996,0,20
005930.KS,2023-04-06,0.057784841268435416,1,20
005930.KS,2023-04-07,0.004615421165417244,0,20
005930.KS,2023-04-10,-0.01674259214931695,0,20
005930.KS,2023-04-11,-0.02579674296639356,0,20
005930.KS,2023-04-12,-0.02878779852715152,0,20
005930.KS,2023-04-13,-0.024205692692489844,0,20
005930.KS,2023-04-14,0.0046084584638754755,0,20
005930.KS,2023-04-17,-0.004594216919408978,0,20
005930.KS,2023-04-18,0.009146288832823313,0,20
005930.KS,2023-04-19,0.04427472536592103,0,20
005930.KS,2023-04-20,0.0490044759750492,0,20
005930.KS,2023-04-21,0.041095846621938215,0,20
005930.KS,2023-04-24,0.05061339124765851,1,20
005930.KS,2023-04-25,0.0817610152481465,1,20
005930.KS,2023-04-26,0.0967238685538665,1,20
005930.KS,2023-04-27,0.11919496868175239,1,20
005930.KS,2023-04-28,0.09007655779380364,1,20
005930.KS,2023-05-02,0.07914771663520526,1,20
005930.KS,2023-05-03,0.10397528311202175,1,20
005930.KS,2023-05-04,0.10138260712085079,1,20
005930.KS,2023-05-08,0.07739010392283263,1,20
005930.KS,2023-05-09,0.0857578960186669,1,20
005930.KS,2023-05-10,0.11455096912542206,1,20
005930.KS,2023-05-11,0.1059192177240551,1,20
005930.KS,2023-05-12,0.12324488369463538,1,20
005930.KS,2023-05-15,0.11472869662216612,1,20
005930.KS,2023-05-16,0.09327196088608392,1,20
005930.KS,2023-05-17,0.10461526278194233,1,20
005930.KS,2023-05-18,0.07552862272725491,1,20
005930.KS,2023-05-19,0.043859945391126365,0,20
005930.KS,2023-05-22,0.029197013154722118,0,20
005930.KS,2023-05-23,0.04239782479609877,0,20
005930.KS,2023-05-24,0.045255535709809225,0,20
005930.KS,2023-05-25,0.05232552223710196,1,20
005930.KS,2023-05-26,0.032716953784303726,0,20
005930.KS,2023-05-30,0.0055324336602344815,0,20
005930.KS,2023-05-31,0.019065624524184033,0,20
005930.KS,2023-06-01,0.023417488237646777,0,20
005930.KS,2023-06-02,0.016126134481072363,0,20
005930.KS,2023-06-05,0.023211913512284132,0,20
005930.KS,2023-06-07,0.01914508154277028,0,20
005930.KS,2023-06-08,0.014912746066176208,0,20
005930.KS,2023-06-09,-0.024321878892769155,0,20
005930.KS,2023-06-12,-0.016241970538069084,0,20
005930.KS,2023-06-13,-0.0019887510766777305,0,20
005930.KS,2023-06-14,0.004990361429498158,0,20
005930.KS,2023-06-15,0.010612846226325967,0,20
005930.KS,2023-06-16,0.027385767604669375,0,20
005930.KS,2023-06-19,0.034631905438428534,0,20
005930.KS,2023-06-20,0.013435540503753396,0,20
005930.KS,2023-06-21,0.022096739957203404,0,20
005930.KS,2023-06-22,0.000761911186521802,0,20
005930.KS,2023-06-23,-0.013256643994440487,0,20
005930.KS,2023-06-26,-0.022771697071587993,0,20
005930.KS,2023-06-27,-0.03100105705918832,0,20
005930.KS,2023-06-28,-0.035098366258785485,0,20
005930.KS,2023-06-29,-0.009668342877995895,0,20
005930.KS,2023-06-30,-0.02216078838609925,0,20
005930.KS,2023-07-03,-0.04383540667965746,0,20
005930.KS,2023-07-04,-0.02602734989540656,0,20
005930.KS,2023-07-05,-0.02916673353595578,0,20
005930.KS,2023-07-06,-0.03910615867918765,0,20
005930.KS,2023-07-07,-0.02288985202491478,0,20
005930.KS,2023-07-10,-0.014388436189603393,0,20
005930.KS,2023-07-11,-0.05454541911868538,0,20
005930.KS,2023-07-12,-0.04172474339196186,0,20
005930.KS,2023-07-13,-0.054242018237677936,0,20
005930.KS,2023-07-14,-0.08038160996231625,0,20
005930.KS,2023-07-17,-0.08185520639218069,0,20
005930.KS,2023-07-18,-0.06944446815695837,0,20
005930.KS,2023-07-19,-0.0697350840477804,0,20
005930.KS,2023-07-20,-0.06619737151469685,0,20
005930.KS,2023-07-21,-0.05263176914455048,0,20
005930.KS,2023-07-24,-0.05397740798413886,0,20
005930.KS,2023-07-25,-0.04142852744292236,0,20
005930.KS,2023-07-26,-0.022922697498187206,0,20
005930.KS,2023-07-27,-0.06415622474766236,0,20
005930.KS,2023-07-28,-0.05382410365225143,0,20
005930.KS,2023-07-31,-0.04298012385081551,0,20
005930.KS,2023-08-01,-0.056258806647091486,0,20
005930.KS,2023-08-02,-0.0429183553071536,0,20
005930.KS,2023-08-03,0.03197687472670774,0,20
005930.KS,2023-08-04,0.04245969429480856,0,20
005930.KS,2023-08-07,0.0321168596659569,0,20
005930.KS,2023-08-08,0.03550297149179027,0,20
005930.KS,2023-08-09,0.021770750681622042,0,20
005930.KS,2023-08-10,0.03382353960240181,0,20
005930.KS,2023-08-11,0.048888912630915105,0,20
005930.KS,2023-08-14,0.04754818393917404,0,20
005930.KS,2023-08-16,0.058208915426156915,1,20
005930.KS,2023-08-17,0.0749626078033907,1,20
005930.KS,2023-08-18,0.08597294967500413,1,20
005930.KS,2023-08-21,0.05405408065918693,1,20
005930.KS,2023-08-22,0.048048440843272644,0,20
005930.KS,2023-08-23,0.03725777445307843,0,20
005930.KS,2023-08-24,0.01026369114491299,0,20
005930.KS,2023-08-25,0.025335267087003732,0,20
005930.KS,2023-08-28,0.03892222896623143,0,20
005930.KS,2023-08-29,0.03231613979052961,0,20
005930.KS,2023-08-30,0.0247042120208234,0,20
005930.KS,2023-08-31,0.014244310323918707,0,20
005930.KS,2023-09-01,-0.055651331123287795,0,20
005930.KS,2023-09-04,-0.06818657909324122,0,20
005930.KS,2023-09-05,-0.05590944418009858,0,20
005930.KS,2023-09-06,-0.020619669489157166,0,20
005930.KS,2023-09-07,-0.016189287842453104,0,20
005930.KS,2023-09-08,-0.027659149102596037,0,20
005930.KS,2023-09-11,-0.04446443176501613,0,20
005930.KS,2023-09-12,-0.010455366702705526,0,20
005930.KS,2023-09-13,-0.00044223192348114004,0,20
005930.KS,2023-09-14,-0.025614942640404426,0,20
005930.KS,2023-09-15,-0.03944787251515147,0,20
005930.KS,2023-09-18,-0.020546100576560034,0,20
005930.KS,2023-09-19,-0.013493056051276042,0,20
005930.KS,2023-09-20,-0.01787979823705277,0,20
005930.KS,2023-09-21,-0.026868390068461312,0,20
005930.KS,2023-09-22,-0.0166873389057256,0,20
005930.KS,2023-09-25,-0.025188719226812983,0,20
005930.KS,2023-09-26,-0.024781438639711384,0,20
005930.KS,2023-09-27,0.002924262379099263,0,20
005930.KS,2023-10-04,0.032592759711551844,0,20
005930.KS,2023-10-05,0.04347835652402687,0,20
005930.KS,2023-10-06,0.07424245212833047,1,20
005930.KS,2023-10-10,0.06777100797131919,1,20
005930.KS,2023-10-11,0.02492642803837941,0,20
005930.KS,2023-10-12,0.020319276548184106,0,20
005930.KS,2023-10-13,0.03676476141892815,0,20
005930.KS,2023-10-16,0.046062301296216024,0,20
005930.KS,2023-10-17,0.020173000373319594,0,20
005930.KS,2023-10-18,0.024113459430975315,0,20
005930.KS,2023-10-19,0.04748190046310419,0,20
005930.KS,2023-10-20,0.0537790477219684,1,20
005930.KS,2023-10-23,0.06286562218792269,1,20
005930.KS,2023-10-24,0.06277335134084594,1,20
005930.KS,2023-10-25,0.07058817887600943,1,20
005930.KS,2023-10-26,0.08545731607636498,1,20
005930.KS,2023-10-27,0.06537892411487678,1,20
005930.KS,2023-10-30,0.05943529195431041,1,20
005930.KS,2023-10-31,0.08669648898991333,1,20
005930.KS,2023-11-01,0.059766586628019924,1,20
005930.KS,2023-11-02,0.04447616517847064,0,20
005930.KS,2023-11-03,0.034482847479767154,0,20
005930.KS,2023-11-06,0.023977532906326093,0,20
005930.KS,2023-11-07,0.004231322572603613,0,20
005930.KS,2023-11-08,0.025751258667920718,0,20
005930.KS,2023-11-09,0.01706974548920881,0,20
005930.KS,2023-11-10,0.02978730982176514,0,20
005930.KS,2023-11-13,0.0369319537220647,0,20
005930.KS,2023-11-14,0.03813545514139327,0,20
005930.KS,2023-11-15,0.008310157662311468,0,20
005930.KS,2023-11-16,0.004121114009872695,0,20
005930.KS,2023-11-17,0.011034435918578778,0,20
005930.KS,2023-11-20,0.002751188043601749,0,20
005930.KS,2023-11-21,0.00824189206849324,0,20
005930.KS,2023-11-22,0.02747274959414292,0,20
005930.KS,2023-11-23,0.03591173409788895,0,20
005930.KS,2023-11-24,0.05857732498201518,1,20
005930.KS,2023-11-27,0.0743338029262488,1,20
005930.KS,2023-11-28,0.07798262357974717,1,20
005930.KS,2023-11-29,0.0848927772286765,1,20
005930.KS,2023-11-30,0.09858422303490078,1,20
005930.KS,2023-12-01,0.07450832440908006,1,20
005930.KS,2023-12-04,0.0600923985349906,1,20
005930.KS,2023-12-05,0.08093700575260598,1,20
005930.KS,2023-12-06,0.07199765683423154,1,20
005930.KS,2023-12-07,0.049702260077811644,0,20
005930.KS,2023-12-08,0.018574257052176302,0,20
005930.KS,2023-12-11,0.007487826377219342,0,20
005930.KS,2023-12-12,-0.000732830124054229,0,20
005930.KS,2023-12-13,0.01991675799874737,0,20
005930.KS,2023-12-14,-0.002137360276972422,0,20
005930.KS,2023-12-15,-0.026791198815641848,0,20
005930.KS,2023-12-18,-0.011803779320734953,0,20
005930.KS,2023-12-19,0.022530101185476825,0,20
005930.KS,2023-12-20,0.008764718352034961,0,20
005930.KS,2023-12-21,0.007414459146450669,0,20
005930.KS,2023-12-22,-0.02041616421179393,0,20
005930.KS,2023-12-26,-0.028056445799680252,0,20
005930.KS,2023-12-27,-0.05897439098223034,0,20
005930.KS,2023-12-28,-0.0522292194377838,0,20
005930.KS,2024-01-02,-0.06658297155891957,0,20
005930.KS,2024-01-03,-0.055844100008261566,0,20
005930.KS,2024-01-04,-0.039164644082148814,0,20
005930.KS,2024-01-05,-0.018276720916385658,0,20
005930.KS,2024-01-08,-0.028758121685326765,0,20
005930.KS,2024-01-09,-0.004015939059221818,0,20
005930.KS,2024-01-10,0.019021919476082783,0,20
005930.KS,2024-01-11,0.012295030178075539,0,20
005930.KS,2024-01-12,0.028727873128633563,0,20
005930.KS,2024-01-15,0.001353247426002513,0,20
005930.KS,2024-01-16,0.008264540397471709,0,20
005930.KS,2024-01-17,0.025352004510923898,0,20
005930.KS,2024-01-18,0.02928857697855003,0,20
005930.KS,2024-01-19,-0.018741483427408223,0,20
005930.KS,2024-01-22,-0.027962707602403047,0,20
005930.KS,2024-01-23,-0.027925629196052015,0,20
005930.KS,2024-01-24,-0.014864946953118463,0,20
005930.KS,2024-01-25,-0.01754385964912286,0,20
005930.KS,2024-01-26,-0.006811887291072849,0,20
005930.KS,2024-01-29,-0.0161290727154606,0,20
005930.KS,2024-01-30,-0.012113113679584342,0,20
005930.KS,2024-01-31,0.030261183585220675,0,20
005930.KS,2024-02-01,0.0013588739007794892,0,20
005930.KS,2024-02-02,-0.03058512044426709,0,20
005930.KS,2024-02-05,-0.028263786311220507,0,20
005930.KS,2024-02-06,-0.01478491970471607,0,20
005930.KS,2024-02-07,-0.03466666464718349,0,20
005930.KS,2024-02-08,-0.010796103398800438,0,20
005930.KS,2024-02-13,-0.014627741359512725,0,20
005930.KS,2024-02-14,0.00405392692098272,0,20
005930.KS,2024-02-15,-0.012295030178075539,0,20
005930.KS,2024-02-16,0.0,0,20
005930.KS,2024-02-19,-0.0135501521868866,0,20
005930.KS,2024-02-20,0.04911302307175025,0,20
005930.KS,2024-02-21,0.08630134199922845,1,20
005930.KS,2024-02-22,0.07934333245459468,1,20
005930.KS,2024-02-23,0.07270217286993996,1,20
005930.KS,2024-02-26,0.09752754968930533,1,20
005930.KS,2024-02-27,0.09465025064898036,1,20
005930.KS,2024-02-28,0.10884126165971097,1,20
005930.KS,2024-02-29,0.1277174976437354,1,20
005930.KS,2024-03-04,0.09976846402699269,1,20
005930.KS,2024-03-05,0.15856529597035007,1,20
005930.KS,2024-03-06,0.15887758408196717,1,20
005930.KS,2024-03-07,0.18680922873666894,1,20
005930.KS,2024-03-08,0.15803526211356833,1,20
005930.KS,2024-03-11,0.17243079709353126,1,20
005930.KS,2024-03-12,0.1457012157154678,1,20
005930.KS,2024-03-13,0.14011041384771028,1,20
005930.KS,2024-03-14,0.13163346408186594,1,20
005930.KS,2024-03-15,0.14209613321585435,1,20
005930.KS,2024-03-18,0.10389491840976395,1,20
005930.KS,2024-03-19,0.08871628568040313,1,20
005930.KS,2024-03-20,0.03981460837940487,0,20
005930.KS,2024-03-21,-0.016990788210702323,0,20
005930.KS,2024-03-22,-0.0311048845534716,0,20
005930.KS,2024-03-25,-0.030139344912067934,0,20
005930.KS,2024-03-26,-0.011800023235069013,0,20
005930.KS,2024-03-27,-0.039514644844969804,0,20
005930.KS,2024-03-28,-0.05074247082679051,0,20
005930.KS,2024-03-29,-0.0691747236150807,0,20
005930.KS,2024-04-01,-0.05487798271105704,0,20
005930.KS,2024-04-02,-0.08235300378245214,0,20
005930.KS,2024-04-03,-0.07728909271104845,0,20
005930.KS,2024-04-04,-0.0468932594212399,0,20
005930.KS,2024-04-05,-0.03786977497340227,0,20
005930.KS,2024-04-08,-0.056804662460103406,0,20
005930.KS,2024-04-09,-0.0526314619883832,0,20
005930.KS,2024-04-11,-0.0677765239784558,0,20
005930.KS,2024-04-12,-0.06451611346728192,0,20
005930.KS,2024-04-15,-0.04866202474814241,0,20
005930.KS,2024-04-16,-0.0324999825833453,0,20
005930.KS,2024-04-17,0.0,0,20
005930.KS,2024-04-18,-0.015075508442999097,0,20
005930.KS,2024-04-19,0.001288827462621267,0,20
005930.KS,2024-04-22,0.02890947990426551,0,20
005930.KS,2024-04-23,0.005297846038303522,0,20
005930.KS,2024-04-24,-0.0178116567209472,0,20
005930.KS,2024-04-25,0.01703778614959872,0,20
005930.KS,2024-04-26,-0.019556726417187642,0,20
005930.KS,2024-04-29,-0.041721037418696594,0,20
005930.KS,2024-04-30,-0.05161303434514819,0,20
005930.KS,2024-05-02,-0.02948697609453499,0,20
005930.KS,2024-05-03,-0.02963907626606843,0,20
005930.KS,2024-05-07,-0.047970454408620244,0,20
005930.KS,2024-05-08,-0.04920042784794987,0,20
005930.KS,2024-05-09,-0.05018813901288033,0,20
005930.KS,2024-05-10,-0.05050508037972634,0,20
005930.KS,2024-05-13,-0.024234651037385646,0,20
005930.KS,2024-05-14,0.0038312962851589916,0,20
005930.KS,2024-05-16,0.017902972329084443,0,20
005930.KS,2024-05-17,0.00904395474923203,0,20
005930.KS,2024-05-20,0.011406893930955952,0,20
005930.KS,2024-05-21,0.03571439609998772,0,20
005930.KS,2024-05-22,0.05019302330126396,1,20
005930.KS,2024-05-23,0.02171129789855364,0,20
005930.KS,2024-05-24,0.06192366162004492,1,20
005930.KS,2024-05-27,0.046632115678499675,0,20
005930.KS,2024-05-28,0.0476805789668604,0,20
005930.KS,2024-05-29,0.08994597776275226,1,20
005930.KS,2024-05-30,0.11378910781455165,1,20
005930.KS,2024-05-31,0.11788896376407365,1,20
005930.KS,2024-06-03,0.08540073327267717,1,20
005930.KS,2024-06-04,0.091166641673194,1,20
005930.KS,2024-06-05,0.09789820382590086,1,20
005930.KS,2024-06-07,0.13180421446382207,1,20
005930.KS,2024-06-10,0.1597068787234086,1,20
005930.KS,2024-06-11,0.17276063353009197,1,20
005930.KS,2024-06-12,0.15283150172436932,1,20
005930.KS,2024-06-13,0.1194747254312436,1,20
005930.KS,2024-06-14,0.06503059628249885,1,20
005930.KS,2024-06-17,0.11506661539673968,1,20
005930.KS,2024-06-18,0.10389924563381014,1,20
005930.KS,2024-06-19,0.07249635378047947,1,20
005930.KS,2024-06-20,0.06970087006066583,1,20
005930.KS,2024-06-21,0.05970550405666697,1,20
005930.KS,2024-06-24,0.03436987214832077,0,20
005930.KS,2024-06-25,0.04299766998195409,0,20
005930.KS,2024-06-26,0.013108754887356078,0,20
005930.KS,2024-06-27,-0.014705753372495245,0,20
005930.KS,2024-06-28,-0.007361996846183438,0,20
005930.KS,2024-07-01,-0.007334898428865255,0,20
005930.KS,2024-07-02,-0.009779962877724424,0,20
005930.KS,2024-07-03,0.025672390265788714,0,20
005930.KS,2024-07-04,-0.017730388930210284,0,20
005930.KS,2024-07-05,-0.08610777077602516,0,20
005930.KS,2024-07-08,-0.18306649272412223,0,20
005930.KS,2024-07-09,-0.17425973575408849,0,20
005930.KS,2024-07-10,-0.14920282757669434,0,20
005930.KS,2024-07-11,-0.16210040506374668,0,20
005930.KS,2024-07-12,-0.11492898728092715,0,20
005930.KS,2024-07-15,-0.12918122647918806,0,20
005930.KS,2024-07-16,-0.13226912084415687,0,20
005930.KS,2024-07-17,-0.10957332696450228,0,20
005930.KS,2024-07-18,-0.07710003521014352,0,20
005930.KS,2024-07-19,-0.07227486040652065,0,20
005930.KS,2024-07-22,-0.049397682927101005,0,20
005930.KS,2024-07-23,-0.06674610966219607,0,20
005930.KS,2024-07-24,-0.045121989847998534,0,20
005930.KS,2024-07-25,-0.033582140680686434,0,20
005930.KS,2024-07-26,-0.059332484328667334,0,20
005930.KS,2024-07-29,-0.06650246451771868,0,20
005930.KS,2024-07-30,-0.056790118063974826,0,20
005930.KS,2024-07-31,-0.11799757645509734,0,20
005930.KS,2024-08-01,-0.10589654027214268,0,20
005930.KS,2024-08-02,-0.06532665854846664,0,20
005930.KS,2024-08-05,0.015406310423307756,0,20
005930.KS,2024-08-06,-0.03448262093163601,0,20
005930.KS,2024-08-07,-0.07630514349688888,0,20
005930.KS,2024-08-08,-0.06130796041691822,0,20
005930.KS,2024-08-09,-0.09638545008289012,0,20
005930.KS,2024-08-12,-0.12317863090239145,0,20
005930.KS,2024-08-13,-0.14717473949117554,0,20
005930.KS,2024-08-14,-0.1411917097096328,0,20
005930.KS,2024-08-16,-0.19700752805473787,0,20
005930.KS,2024-08-19,-0.19412512967179185,0,20
005930.KS,2024-08-20,-0.20152086856339613,0,20
005930.KS,2024-08-21,-0.2005109230351636,0,20
005930.KS,2024-08-22,-0.19284800180916606,0,20
005930.KS,2024-08-23,-0.19948519369117768,0,20
005930.KS,2024-08-26,-0.14980289003042113,0,20
005930.KS,2024-08-27,-0.148282132564016,0,20
005930.KS,2024-08-28,-0.1905095736088075,0,20
005930.KS,2024-08-29,-0.16697372584747894,0,20
005930.KS,2024-08-30,-0.17981130903329967,0,20
005930.KS,2024-09-02,-0.1755072419281516,0,20
005930.KS,2024-09-03,-0.16360913270533328,0,20
005930.KS,2024-09-04,-0.1538504396590069,0,20
005930.KS,2024-09-05,-0.13575757370925545,0,20
005930.KS,2024-09-06,-0.134503191184546,0,20
005930.KS,2024-09-09,-0.091225771342204,0,20
005930.KS,2024-09-10,-0.09616556583003077,0,20
005930.KS,2024-09-11,-0.07496192095095466,0,20
005930.KS,2024-09-12,-0.10207895039903592,0,20
005930.KS,2024-09-13,-0.07871054536455058,0,20
005930.KS,2024-09-19,-0.08044780400033369,0,20
005930.KS,2024-09-20,-0.056641292999513926,0,20
005930.KS,2024-09-23,-0.09077347509532008,0,20
005930.KS,2024-09-24,-0.11054360270486985,0,20
005930.KS,2024-09-25,-0.06067537997500827,0,20
005930.KS,2024-09-26,-0.07365670170278693,0,20
005930.KS,2024-09-27,-0.0794392994818307,0,20
005930.KS,2024-09-30,-0.03739832916201369,0,20
005930.KS,2024-10-02,-0.04893963461874373,0,20
005930.KS,2024-10-04,-0.031353029051644166,0,20
005930.KS,2024-10-07,-0.05573763013165023,0,20
005930.KS,2024-10-08,-0.04975117186665989,0,20
005930.KS,2024-10-10,-0.02716453124229956,0,20
005930.KS,2024-10-11,-0.03878585327184836,0,20
005930.KS,2024-10-14,-0.07251270565591739,0,20
005930.KS,2024-10-15,-0.13114750767357986,0,20
005930.KS,2024-10-16,-0.1495798650235246,0,20
005930.KS,2024-10-17,-0.16415413660982237,0,20
005930.KS,2024-10-18,-0.09628385771102932,0,20
005930.KS,2024-10-21,-0.03898307129254286,0,20
005930.KS,2024-10-22,-0.024263377980535794,0,20
005930.KS,2024-10-23,-0.06429765209760074,0,20
005930.KS,2024-10-24,-0.003533601354497762,0,20
005930.KS,2024-10-25,0.001788853746007124,0,20
005930.KS,2024-10-28,-0.0034423725352872303,0,20
005930.KS,2024-10-29,-0.021812079748999458,0,20
005930.KS,2024-10-30,-0.0473772244564169,0,20
005930.KS,2024-10-31,-0.06250003376923563,0,20
005930.KS,2024-11-01,-0.07032586098928628,0,20
005930.KS,2024-11-04,-0.08688249689758887,0,20
005930.KS,2024-11-05,-0.06944445601353422,0,20
005930.KS,2024-11-06,-0.07329847133228184,0,20
005930.KS,2024-11-07,-0.06282731098335848,0,20
005930.KS,2024-11-08,-0.05087716947765453,0,20
005930.KS,2024-11-11,-0.029090886885598244,0,20
005930.KS,2024-11-12,0.01886787186320027,0,20
005930.KS,2024-11-13,0.06719366495807466,1,20
005930.KS,2024-11-14,0.12024046715266712,1,20
005930.KS,2024-11-15,0.04859820753094679,0,20
005930.KS,2024-11-18,-0.01940032039814099,0,20
005930.KS,2024-11-19,-0.03730016424895166,0,20
005930.KS,2024-11-20,-0.007233411252742683,0,20
005930.KS,2024-11-21,-0.05851061039379202,0,20
005930.KS,2024-11-22,-0.05357135462368712,0,20
005930.KS,2024-11-25,-0.07599310417930516,0,20
005930.KS,2024-11-26,-0.06689536631183035,0,20
005930.KS,2024-11-27,-0.04795738447037812,0,20
005930.KS,2024-11-28,-0.02583499706108583,0,20
005930.KS,2024-11-29,-0.011757443545725499,0,20
