ticker,date,open,high,low,close,adj_close,volume
005930.KS,2024-01-02,75294.29375392589,76834.84196372487,75294.29375392589,76642.2734375,,17142847
005930.KS,2024-01-03,75583.1387987013,75871.99155844156,74138.875,74138.875,,21753644
005930.KS,2024-01-04,73272.31313234335,74427.72411471933,73272.31313234335,73753.734375,,15324439
005930.KS,2024-01-05,73850.01862353133,74235.15561765667,73561.16587793734,73753.734375,,11304316
005930.KS,2024-01-08,74138.882250817,74620.30356413398,73561.1766748366,73657.4609375,,11088724
005930.KS,2024-01-09,74524.00263554217,74812.85535893573,71539.19116047522,71924.328125,,26019249
005930.KS,2024-01-10,72213.1984544837,72405.76698369565,70480.0816915761,70865.21875,,20259529
005930.KS,2024-01-11,70191.21756531762,70865.20730874316,69998.64906719603,70480.0703125,,57691266
005930.KS,2024-01-12,70287.49700752394,71346.6236747606,70094.92852257182,70383.78125,,13038939
005930.KS,2024-01-15,70480.07273342354,71250.34675236806,70480.07273342354,71154.0625,,2957915
005930.KS,2024-01-16,70768.91754907025,70961.48603219698,69806.07513343664,69902.359375,,14760415
005930.KS,2024-01-17,70383.78964568661,70576.35815360915,68361.8203125,68361.8203125,,22683660
005930.KS,2024-01-18,68939.52824267783,69324.66527196653,68072.96992677824,69035.8125,,17853397
005930.KS,2024-01-19,70768.9172314257,71924.328125,70287.49602576974,71924.328125,,23363427
005930.KS,2024-01-22,73079.75061376498,73176.0348701731,72213.19230609188,72309.4765625,,19673375
005930.KS,2024-01-23,72887.1790745512,72983.46332696143,71539.19954080784,72405.7578125,,14786224
005930.KS,2024-01-24,72405.75472972973,72405.75472972973,70768.92250844595,71250.34375,,12860661
005930.KS,2024-01-25,71442.91706730769,72020.62259615384,70961.49579326923,71346.6328125,,11737747
005930.KS,2024-01-26,70961.50122402929,71731.77532144073,70576.36417532357,70672.6484375,,11160062
005930.KS,2024-01-29,71057.77885584677,72405.75840053764,70768.92609627017,71635.484375,,13976521
005930.KS,2024-01-30,72213.1929256393,72502.04569734186,70961.49758159489,71539.203125,,12244418
005930.KS,2024-01-31,70672.63817486246,71250.34366403027,69806.07994111073,69998.6484375,,15703560
005930.KS,2024-02-01,70287.51316236414,71442.92433763588,70191.22889775815,70865.21875,,19881033
005930.KS,2024-02-02,71250.34678357713,72405.7578125,70961.49402634641,72405.7578125,,14955881
005930.KS,2024-02-05,71442.91886776581,72020.62441117092,70768.92906712652,71539.203125,,19026021
005930.KS,2024-02-06,71539.2001218078,71924.33713457662,70576.35758988575,71635.484375,,14559254
005930.KS,2024-02-07,71828.06604166667,72694.62447916667,71539.21322916666,72213.203125,,16566445
005930.KS,2024-02-08,72213.19110576923,72405.75961538461,70865.21153846153,71346.6328125,,20810708
005930.KS,2024-02-13,72020.62080285903,72405.7578125,71635.48379321808,72405.7578125,,21966745
005930.KS,2024-02-14,70961.49100506757,71539.19649493243,70961.49100506757,71250.34375,,12434945
005930.KS,2024-02-15,71442.91280310792,71635.4813012295,70287.50181437841,70480.0703125,,14120600
005930.KS,2024-02-16,70576.35877403845,70672.64302884616,69806.08473557692,70094.9375,,13444781
005930.KS,2024-02-19,70094.93097899729,71154.05768335027,70094.93097899729,71057.7734375,,12726404
005930.KS,2024-02-20,70961.51210777626,70961.51210777626,70094.95361527968,70576.375,,14681477
005930.KS,2024-02-21,70672.63698630137,70961.4897260274,70191.21575342467,70287.5,,11503495
005930.KS,2024-02-22,71057.77094733242,71154.05518980848,69998.64428009576,70383.78125,,15208934
005930.KS,2024-02-23,70865.20850480109,71442.91400891633,70191.21875,70191.21875,,16225166
005930.KS,2024-02-26,69613.51622596153,70480.07451923077,69517.23197115384,70094.9375,,14669352
005930.KS,2024-02-27,70383.78725137174,70672.64000342935,69998.65024862826,70191.21875,,13201981
005930.KS,2024-02-28,70191.21756531762,71154.06005592554,70094.93331625684,70480.0703125,,11795859
005930.KS,2024-02-29,69902.37434008856,70672.6484375,69324.66876702997,70672.6484375,,21176403
005930.KS,2024-03-04,71539.20847588452,72213.19832693592,71250.35568257677,72116.9140625,,23210474
005930.KS,2024-03-05,71828.05834464043,72020.62686567164,70961.5,70961.5,,19505125
005930.KS,2024-03-06,70480.07150205762,70768.92425411522,69998.65024862826,70191.21875,,21547905
005930.KS,2024-03-07,70383.78478834833,70576.3532829813,69517.2265625,69517.2265625,,14516963
005930.KS,2024-03-08,70094.95361527968,70672.65927694406,69902.38506139154,70576.375,,19271349
005930.KS,2024-03-11,70191.22599059046,70383.79451182665,69613.5204268819,69709.8046875,,9740504
005930.KS,2024-03-12,69902.38506139154,70768.94355388814,69420.9636766712,70576.375,,13011654
005930.KS,2024-03-13,70961.49579326923,71346.6328125,70768.92728365384,71346.6328125,,15243134
005930.KS,2024-03-14,71635.48738223419,71731.77163946837,70865.2133243607,71539.203125,,22545539
005930.KS,2024-03-15,70672.65035010374,70961.50314445021,69613.5234375,69613.5234375,,22580555
005930.KS,2024-03-18,69902.36899038461,70287.50600961538,69806.08473557692,70094.9375,,11520348
005930.KS,2024-03-19,69613.51622596153,70287.50600961538,69035.81069711538,70094.9375,,15376066
005930.KS,2024-03-20,70961.49752113134,74331.44652145644,70672.6447496749,74042.59375,,50106297
005930.KS,2024-03-21,76257.12200504413,76353.40625,74812.85833070618,76353.40625,,44569799
005930.KS,2024-03-22,76642.2631891635,76931.11593987643,74909.14668488593,75968.2734375,,26724761
005930.KS,2024-03-25,76642.2686620844,76834.83717631074,74909.15203404732,75294.2890625,,18703996
005930.KS,2024-03-26,76738.54868390175,77123.68569109825,76257.12742490614,76931.1171875,,30551494
005930.KS,2024-03-27,76257.13040413534,77027.40444862156,76257.13040413534,76834.8359375,,17424595
005930.KS,2024-03-28,76797.10579749382,78344.65452892946,76603.66220606436,78151.2109375,,25084812
005930.KS,2024-03-29,78538.09629095874,79795.47960596177,78247.93091057343,79698.7578125,,27126366
005930.KS,2024-04-01,80472.54451219512,80569.26632050304,79311.8828125,79311.8828125,,20116513
005930.KS,2024-04-02,80182.37341911765,82213.53125,80182.37341911765,82213.53125,,37077944
005930.KS,2024-04-03,81536.48267501486,82213.53531881688,80762.70822495541,81343.0390625,,30493347
005930.KS,2024-04-04,82406.97351260258,82697.13891229485,81536.47731352579,82503.6953125,,25248934
005930.KS,2024-04-05,81729.9375,82213.54659763313,81052.8847633136,81729.9375,,18883752
005930.KS,2024-04-08,82406.99023668638,83180.76479289941,81729.9375,81729.9375,,18953232
005930.KS,2024-04-09,81729.92594011662,82116.81316350179,80375.82065826854,80859.4296875,,23725956
005930.KS,2024-04-11,80472.54280618312,81923.36990004459,79795.4901623811,81343.0390625,,25538009
005930.KS,2024-04-12,81923.3664594534,82116.81006384408,80472.53942652329,80956.1484375,,17061770
005930.KS,2024-04-15,80182.38079759732,80472.54622871046,78538.11002128954,79505.328125,,26663772
005930.KS,2024-04-16,78538.1069921875,78634.82879882812,76797.11447265625,77377.4453125,,31949845
005930.KS,2024-04-17,78054.49239543726,78151.21419518378,76313.5,76313.5,,22611631
005930.KS,2024-04-18,76216.78800251256,77474.17156092965,75733.17894158291,76990.5625,,21370190
005930.KS,2024-04-19,75733.1697909955,76120.05699299292,73798.73378100837,75056.1171875,,31317563
005930.KS,2024-04-22,74862.67244990144,74959.39424893232,72638.07107219119,73605.2890625,,30469477
005930.KS,2024-04-23,73895.45716059602,74282.34437086093,73024.9609375,73024.9609375,,18717699
005930.KS,2024-04-24,74959.3961215808,76216.7795403944,74669.23071723919,76023.3359375,,22166150
005930.KS,2024-04-25,74765.96821756226,74959.41186107471,73798.75,73798.75,,15549134
005930.KS,2024-04-26,75249.57278764668,75346.2946035691,73992.18918065516,74185.6328125,,12755629
005930.KS,2024-04-29,74862.68552395698,75056.12915580183,73702.02373288787,74185.6328125,,14664474
005930.KS,2024-04-30,74475.78941532258,75926.61648185484,74088.90219758064,74959.3984375,,19007007
005930.KS,2024-05-02,75056.11282051282,76023.33076923077,74765.94743589744,75443.0,,18900640
005930.KS,2024-05-03,76410.22239449098,76410.22239449098,74959.39538700064,75056.1171875,,13151889
005930.KS,2024-05-07,76990.56507533825,78634.8359375,76797.1214444957,78634.8359375,,26238868
005930.KS,2024-05-08,78151.22686039361,78731.55775292128,77861.06141412977,78634.8359375,,13089576
005930.KS,2024-05-09,78441.38656681305,78828.27380018821,77087.28125,77087.28125,,18759935
005930.KS,2024-05-10,77764.33357007576,78441.38622553661,76313.50645123106,76603.671875,,16976124
005930.KS,2024-05-13,76797.12444196429,77280.73353794643,75056.13169642857,75829.90625,,18652344
005930.KS,2024-05-14,76023.33728448275,76216.7808908046,75346.28466235632,75733.171875,,11763992
005930.KS,2024-05-16,77570.88926630435,77667.61107336957,75539.73131793478,75636.453125,,20989778
005930.KS,2024-05-17,76023.33345445736,76216.77705103358,74669.22827842378,74862.671875,,15918201
005930.KS,2024-05-20,75539.72560202789,76506.94359949304,75346.28200253486,76313.5,,19456783
005930.KS,2024-05-21,75926.62806919643,76410.23716517857,75636.46261160714,75829.90625,,13690583
005930.KS,2024-05-22,75539.73097651223,76120.06181628056,74765.95652348777,75152.84375,,19521506
005930.KS,2024-05-23,75152.84105603448,76506.94630028735,74572.51023706897,75733.171875,,18728087
005930.KS,2024-05-24,74282.34782608696,74475.79144021739,73218.40794836957,73411.8515625,,27891278
005930.KS,2024-05-27,72831.52005748056,75636.45243685233,71574.13657707254,74669.234375,,43825202
005930.KS,2024-05-28,73992.17738200708,75443.00438949742,73702.01198050902,75056.1171875,,18539072
005930.KS,2024-05-29,75152.84198387632,75636.45100565159,72734.796875,72734.796875,,30244875
005930.KS,2024-05-30,72347.91479591836,72734.80204081633,71090.53125,71090.53125,,28551273
005930.KS,2024-05-31,72057.7493622449,72251.19298469387,71090.53125,71090.53125,,26198776
005930.KS,2024-06-03,71961.02278731836,73895.45888375165,71767.57917767504,73218.40625,,15706268
005930.KS,2024-06-04,72444.63619480412,73605.29792289177,72444.63619480412,72831.5234375,,14098053
005930.KS,2024-06-05,75443.00266472869,75443.00266472869,74282.34108527131,74862.671875,,23177968
005930.KS,2024-06-07,75829.89294954723,76023.33655401036,74572.50952053687,74765.953125,,21189349
005930.KS,2024-06-10,73605.29346928665,74088.90249339498,73121.68444517834,73218.40625,,14598755
005930.KS,2024-06-11,73411.84950548537,73508.57130984042,72638.07507064495,72734.796875,,16971175
005930.KS,2024-06-12,72831.52573529411,74572.51838235294,72734.80392156863,73992.1875,,19246725
005930.KS,2024-06-13,75829.8923346056,76410.22314328881,75249.56152592239,76023.3359375,,33763804
005930.KS,2024-06-14,77087.28431218593,77861.05880967337,76410.23162688442,76990.5625,,22926612
005930.KS,2024-06-17,76603.66637323944,76893.83177616837,75443.00476152368,75539.7265625,,16123051
005930.KS,2024-06-18,76120.06015037594,77570.88721804511,76023.33834586466,77184.0,,18207598
005930.KS,2024-06-19,78441.38756542487,79795.4928994766,77861.05670797413,78538.109375,,24168863
005930.KS,2024-06-20,78828.2781862745,79505.33088235294,78538.11274509804,78925.0,,20288913
005930.KS,2024-06-21,78054.49795898437,78151.21976562499,77377.4453125,77377.4453125,,17907523
005930.KS,2024-06-24,77087.28493331265,78247.94668889578,76893.84130738213,77957.78125,,15454227
005930.KS,2024-06-25,77957.76734607054,79118.42889464728,77474.1583674969,78151.2109375,,19088458
005930.KS,2024-06-26,77474.17415244466,78731.55775292128,77280.73052160209,78634.8359375,,17783242
005930.KS,2024-06-27,78985.55600873163,79277.015625,78208.33036534926,79277.015625,,11739720
005930.KS,2024-06-28,79568.47218174847,79568.47218174847,78499.78696319018,79179.859375,,9455929
005930.KS,2024-07-01,79179.86070255196,79762.77992244804,78985.55429591992,79471.3203125,,11317202
005930.KS,2024-07-02,80151.3927357121,80248.54593902812,79179.86070255196,79471.3203125,,14471904
005930.KS,2024-07-03,79957.08632908008,79957.08632908008,78694.09468597188,79471.3203125,,11440328
005930.KS,2024-07-04,80540.00493129432,82288.76257757092,80054.23891843972,82191.609375,,43857229
005930.KS,2024-07-05,83163.14717278989,84620.4453125,82774.53433553387,84620.4453125,,45791193
005930.KS,2024-07-08,85397.6723040618,86077.74477974829,84426.14019593822,84911.90625,,24035809
005930.KS,2024-07-09,85300.5078125,85689.12060435649,84426.12903082289,85300.5078125,,21336201
005930.KS,2024-07-10,85106.20141657176,85494.81420842824,84620.43542675114,85300.5078125,,17813847
005930.KS,2024-07-11,85980.58192422945,86272.0415239726,84231.82432577055,85106.203125,,24677608
005930.KS,2024-07-12,83454.59480524289,83648.90119594194,81705.83728895143,81997.296875,,26344386
005930.KS,2024-07-15,82288.76403907151,84814.74735077855,81705.84481329296,84231.828125,,25193080
005930.KS,2024-07-16,84426.1260066277,85494.8111459521,84231.81961765964,85203.3515625,,16166688
005930.KS,2024-07-17,84620.4409421857,85494.81978085352,83940.36851211073,84231.828125,,18186490
005930.KS,2024-07-18,81414.3760069045,84426.125,81414.3760069045,84426.125,,24721790
005930.KS,2024-07-19,83163.13521919432,83648.90119594194,81705.83728895143,81997.296875,,18569122
005930.KS,2024-07-22,81997.30105421688,82483.06705572289,80248.54344879519,80637.15625,,18987560
005930.KS,2024-07-23,81802.99083730632,82288.75681615018,81025.76527115614,81511.53125,,15766389
005930.KS,2024-07-24,80540.01170922257,80928.62455221037,79568.47960175305,79665.6328125,,16939083
005930.KS,2024-07-25,78111.1796875,78694.09893889926,77819.72006180037,78111.1796875,,20323811
005930.KS,2024-07-26,78402.63110321385,78985.55029357232,78111.17150803462,78596.9375,,14508334
005930.KS,2024-07-29,79277.01123768472,79665.62403786946,78791.24523745381,78888.3984375,,12797136
005930.KS,2024-07-30,78111.18229166666,78694.1015625,77722.56944444444,78694.1015625,,13169636
005930.KS,2024-07-31,78888.39496424315,81511.53125,78596.93537693683,81511.53125,,20744323
005930.KS,2024-08-01,83551.75541516245,83648.90861913357,80734.3125,80734.3125,,20900338
005930.KS,2024-08-02,78694.09802920854,79082.7108589824,77236.79991755653,77333.953125,,25800275
005930.KS,2024-08-05,74516.50226496848,74710.80865940126,68201.54444590336,69367.3828125,,54608790
005930.KS,2024-08-06,72767.74712284483,73156.35992456897,70241.76391163793,70436.0703125,,47295226
005930.KS,2024-08-07,70921.83316599732,73836.42904953146,70727.52677376171,72573.4375,,32710428
005930.KS,2024-08-08,71116.15450442779,71796.22702018051,70436.08198867507,71310.4609375,,28414729
005930.KS,2024-08-09,73544.96946117804,73642.12265729585,72087.67151941097,72573.4375,,16388222
005930.KS,2024-08-12,73059.20447019867,73739.2768522351,72670.59168046358,73350.6640625,,9839259
005930.KS,2024-08-13,74322.19874137647,74419.3519423456,73350.66673168528,73933.5859375,,10716261
005930.KS,2024-08-14,75196.57984536917,75585.19266110752,74807.96702963083,75002.2734375,,13246168
005930.KS,2024-08-16,77139.64157964464,77916.8671875,76459.5691727712,77916.8671875,,22061478
005930.KS,2024-08-19,77819.71066810345,77819.71066810345,75779.49353448275,76070.953125,,14146565
005930.KS,2024-08-20,77236.79420152091,77528.25380228137,76459.56859949302,76653.875,,10683836
005930.KS,2024-08-21,75682.34033764368,76362.41271551725,75585.1871408046,76070.953125,,7805598
005930.KS,2024-08-22,76459.56591235632,76653.87230603448,75585.1871408046,76070.953125,,8149101
005930.KS,2024-08-23,75488.0390625,76168.11148648648,75293.73265564672,75488.0390625,,9420306
005930.KS,2024-08-26,75876.6499568824,75973.80315785151,73836.43273653089,73933.5859375,,15655938
005930.KS,2024-08-27,73544.97180079157,74322.1973944591,73447.81860158312,73642.125,,11130145
005930.KS,2024-08-28,73642.1276587042,74225.046875,73253.51484784031,74225.046875,,9794514
005930.KS,2024-08-29,71504.76216216217,72573.44746621621,71407.60895270269,71893.375,,16884479
005930.KS,2024-08-30,72281.9813257066,72864.90052994617,71990.52172358682,72184.828125,,16358520
005930.KS,2024-09-02,72379.13757980512,72573.44398941532,71407.60553175403,72281.984375,,12641376
005930.KS,2024-09-03,71990.52151939656,72184.82792025861,70436.0703125,70436.0703125,,16314599
005930.KS,2024-09-04,67812.92799107142,69075.91948660715,67812.92799107142,68007.234375,,27366563
005930.KS,2024-09-05,68104.3961843297,69173.08143115941,67035.7109375,67035.7109375,,25686769
005930.KS,2024-09-06,67132.86108717344,67715.78028619375,66064.17588896952,66938.5546875,,19022299
005930.KS,2024-09-09,64995.48708333333,66258.47861111112,64704.027500000004,65578.40625,,23263298
005930.KS,2024-09-10,65092.64356353852,65384.103161584215,64121.11157005287,64315.41796875,,30651376
005930.KS,2024-09-11,63246.7360963983,63635.34891419492,62372.35725635593,63052.4296875,,35809707
005930.KS,2024-09-12,64121.118495475115,64704.03775452489,63343.89281674208,64412.578125,,35884106
005930.KS,2024-09-13,63149.5872355396,63635.35329119759,62469.5147576184,62566.66796875,,25045135
005930.KS,2024-09-19,62178.04675118859,62566.65954338352,60429.28918631141,61303.66796875,,49402713
005930.KS,2024-09-20,61983.74913194444,62858.12803819444,61206.5234375,61206.5234375,,32746056
005930.KS,2024-09-23,60526.442747853434,61692.2811314397,60429.28954922125,60817.90234375,,28542376
005930.KS,2024-09-24,61012.21140723892,61595.13062450554,60623.598595727846,61400.82421875,,26957500
005930.KS,2024-09-25,61983.74423482717,62372.357051346466,60429.29296875,60429.29296875,,28652438
005930.KS,2024-09-26,62080.895485171946,63052.42749589451,61886.58908302744,62858.12109375,,37566015
005930.KS,2024-09-27,63210.811903718844,63894.700131425234,62722.3203125,62722.3203125,,28433030
005930.KS,2024-09-30,62722.31939786585,62820.01771468496,60084.46484375,60084.46484375,,32694163
005930.KS,2024-10-02,59107.48375050978,60475.26023399266,58521.29382901713,59889.0703125,,28473536
005930.KS,2024-10-04,59595.97295276403,60279.86116697608,59107.481371183996,59205.1796875,,24247578
005930.KS,2024-10-07,58814.386129610655,60475.257498719264,58130.49791880123,59595.97265625,,35066533
005930.KS,2024-10-08,58618.99098258706,59595.97416563018,58521.29266428275,58912.0859375,,27411786
005930.KS,2024-10-10,58716.68839532046,58814.386712117994,57544.30859375,57544.30859375,,45262214
005930.KS,2024-10-11,57739.70882298693,58716.692051802274,57642.010500105396,57935.10546875,,29623969
005930.KS,2024-10-14,58130.50211451307,59791.37360349916,58032.80379163154,57935.10546875,,20886249
005930.KS,2024-10-15,59693.67097207992,59986.765919569676,58716.68781378074,59595.97265625,,22715239
005930.KS,2024-10-16,58032.80168067227,58618.99159663866,57837.40504201681,58130.5,,23303268
005930.KS,2024-10-17,58032.80347047739,58716.691726863486,57739.70850345478,58325.8984375,,23372873
005930.KS,2024-10-18,58521.29449957771,58716.691142314194,57739.70792863176,57837.40625,,14420260
005930.KS,2024-10-21,57642.01171875,58228.2016684322,57153.52009401483,57642.01171875,,18514905
005930.KS,2024-10-22,57446.61118934142,57544.30950769064,56371.9296875,56371.9296875,,27582527
005930.KS,2024-10-23,56176.53011315567,58618.987944162436,55785.736860194585,57739.703125,,27300780
005930.KS,2024-10-24,56860.423144876324,57153.51810954064,55297.25,55297.25,,31499922
005930.KS,2024-10-25,54711.05769230769,55590.34254807692,54515.661057692305,54613.359375,,25829315
005930.KS,2024-10-28,54417.9630284531,57153.51592754949,54417.9630284531,56762.72265625,,27775009
005930.KS,2024-10-29,56665.02228397651,58228.1953125,55981.13408399749,58228.1953125,,28369314
005930.KS,2024-10-30,57739.703125,58423.591317681894,57251.21155879865,57739.703125,,19838511
005930.KS,2024-10-31,57153.5180004223,59791.37267736487,56958.12135768581,57837.40625,,35809196
005930.KS,2024-11-01,57642.005387006866,58228.19527229846,56762.72055906947,56958.1171875,,19083180
005930.KS,2024-11-04,57251.215742120956,58032.802305153324,57055.81910136286,57348.9140625,,15586947
005930.KS,2024-11-05,56469.62710232205,56762.722052680125,55883.437201605906,56274.23046875,,17484474
005930.KS,2024-11-06,56274.23167539267,56665.02495091623,55004.153529941104,55981.13671875,,22092218
005930.KS,2024-11-07,55590.34344322644,56762.72326979712,55492.64512434555,55981.13671875,,17043102
005930.KS,2024-11-08,56665.02617872807,56958.121141721494,55688.04296875,55688.04296875,,13877396
005930.KS,2024-11-11,55394.94963068182,55492.64795454545,53734.078125,53734.078125,,29811326
005930.KS,2024-11-12,53343.282488207544,53343.282488207544,51780.109375,51780.109375,,37962881
005930.KS,2024-11-13,50803.1240736166,51780.10722887846,49337.649340723816,49435.34765625,,52527995
005930.KS,2024-11-14,49044.55589303607,50607.72898922846,48751.4609375,48751.4609375,,48510715
005930.KS,2024-11-15,49142.25530081776,52952.48980724299,49142.25530081776,52268.6015625,,46774485
005930.KS,2024-11-18,55688.04026124338,56176.53184248236,54613.35878251764,55394.9453125,,48095234
005930.KS,2024-11-19,55199.55289742451,56176.536134547074,54613.36295515098,55004.15625,,31539632
005930.KS,2024-11-20,54808.75844823689,55199.55173485533,53538.680266726944,54027.171875,,20864667
005930.KS,2024-11-21,53636.37298454122,55590.33921348626,53440.97636164672,55101.84765625,,19096850
005930.KS,2024-11-22,54711.0546875,55394.94287109375,54613.35637555804,54711.0546875,,15281543
005930.KS,2024-11-25,56078.83264518566,56567.32421875,55394.94444219559,56567.32421875,,36237325
005930.KS,2024-11-26,56567.32393063894,57544.3070727916,56176.530673777874,56958.1171875,,23209405
005930.KS,2024-11-27,56371.93278197158,56469.63110568384,54711.061278863235,55004.15625,,21808387
005930.KS,2024-11-28,54711.057995495496,55101.85126689189,53929.4714527027,54222.56640625,,20001134
005930.KS,2024-11-29,53831.7771131227,54027.173763261075,52561.69888722325,52952.4921875,,24513531
005930.KS,2024-12-02,53050.192994986006,53147.891324626864,51877.81303929571,52366.3046875,,22044867
005930.KS,2024-12-03,51877.81303929571,53147.891324626864,51877.81303929571,52366.3046875,,23374603
005930.KS,2024-12-04,50803.13088512241,52170.90748587571,50803.13088512241,51877.8125,,29004766
005930.KS,2024-12-05,51975.50451000931,53147.88431098696,51975.50451000931,52463.99609375,,23588277
005930.KS,2024-12-06,52659.39632191543,53147.88793900185,51487.01644090804,52854.79296875,,22861874
005930.KS,2024-12-09,52268.60457631086,53343.28616573034,51975.50959737828,52170.90625,,26227680
005930.KS,2024-12-10,53245.58535879629,53245.58535879629,52463.99878472222,52757.09375,,20783970
005930.KS,2024-12-11,52366.30046296296,52952.490393518514,52170.903819444444,52757.09375,,14565947
005930.KS,2024-12-12,52757.091346153844,55199.549278846156,52659.393028846156,54613.359375,,33476698
005930.KS,2024-12-13,54515.66285093583,55004.154453542775,54222.567889371654,54808.7578125,,15908823
005930.KS,2024-12-16,55004.14990585657,55297.24484318795,53929.468468974825,54320.26171875,,15277277
005930.KS,2024-12-17,53440.983812845945,53929.47543819188,52757.09553736162,52952.4921875,,20215230
005930.KS,2024-12-18,52854.79232838115,54124.870517418036,52757.09400614754,53636.37890625,,13698937
005930.KS,2024-12-19,52268.605814500945,52561.70080037665,51877.8125,51877.8125,,22481925
005930.KS,2024-12-20,51487.01441627358,51877.807694575466,50705.427859669806,51780.109375,,24674774
005930.KS,2024-12-23,52170.90324182243,52757.093165887854,52073.20492114486,52268.6015625,,13672650
005930.KS,2024-12-24,52463.998470530794,53245.585039924175,52366.30014935662,53147.88671875,,11634677
005930.KS,2024-12-26,53245.58965426772,53343.28798390858,52268.60635785914,52366.3046875,,10517075
005930.KS,2024-12-27,52624.99759951117,53215.18448847765,52329.90415502793,52821.7265625,,10747196
005930.KS,2024-12-30,52428.26682183975,53116.818168468046,52231.53786566024,52329.90234375,,12624702
005930.KS,2025-01-02,51838.08144604401,52723.36177434457,51444.62352235487,52526.6328125,,16630538
005930.KS,2025-01-03,51936.44944852941,54198.83266314338,51936.44944852941,53510.28125,,19318046
005930.KS,2025-01-06,53510.28264758497,55280.84347048301,53411.91815742398,54985.75,,19034284
005930.KS,2025-01-07,55871.024593862814,56362.84699345668,54493.921875,54493.921875,,17030235
005930.KS,2025-01-08,53903.739365183246,56559.58053828534,53805.374877290575,56362.8515625,,26593553
005930.KS,2025-01-09,56657.939839572195,56756.30431846034,55182.47265625,55182.47265625,,24490592
005930.KS,2025-01-10,55182.47445044078,55575.932378786165,54297.19411166365,54395.55859375,,16059223
005930.KS,2025-01-13,53707.00993530499,54100.46788354898,53215.1875,53215.1875,,16868600
005930.KS,2025-01-14,53313.5504841141,53707.00842126623,52821.72806267393,53018.45703125,,17465926
005930.KS,2025-01-15,53215.18448847765,53805.371377444135,52624.99759951117,52821.7265625,,18625025
005930.KS,2025-01-16,53313.549579880295,54100.465440837936,53215.18509726059,53411.9140625,,18627298
005930.KS,2025-01-17,52920.09104399441,53215.18448847765,52329.90415502793,52821.7265625,,18805344
005930.KS,2025-01-20,52723.36177434457,53018.45521711143,52428.26833157772,52526.6328125,,11822531
005930.KS,2025-01-21,52821.72505110981,53411.911923189255,52428.26713639019,52624.99609375,,13535702
005930.KS,2025-01-22,52526.633718922654,53510.278545119705,52231.54027106354,53411.9140625,,18341991
005930.KS,2025-01-23,52821.7265625,53215.18448847765,52624.99759951117,52821.7265625,,15588067
005930.KS,2025-01-24,52723.36208100559,52920.09104399441,52329.90415502793,52821.7265625,,11867631
005930.KS,2025-01-31,51346.25931834446,52133.1751699666,50854.43691108063,51542.98828125,,42186279
005930.KS,2025-02-03,50264.251202512256,50559.344653799024,49969.157751225495,50165.88671875,,32344897
005930.KS,2025-02-04,50756.076553605315,52723.36634250474,50657.71206416034,51838.0859375,,27214851
005930.KS,2025-02-05,52723.36389413989,52920.09286389414,51936.44801512288,52034.8125,,15974885
005930.KS,2025-02-06,52526.63342013889,53116.8203125,52329.90445601852,53116.8203125,,16466025
005930.KS,2025-02-07,53018.455525488826,53313.548969972064,52723.36208100559,52821.7265625,,14476866
005930.KS,2025-02-10,52133.17951888489,54985.74971897482,52034.815029226615,54690.65625,,27577591
005930.KS,2025-02-11,54592.28666404847,55379.20250785458,54100.46426166966,54789.015625,,24596196
005930.KS,2025-02-12,54198.831415210574,54985.74729782706,53608.64450324821,54887.3828125,,26428596
005930.KS,2025-02-13,55182.47626848119,55477.569724462366,54690.65384184588,54887.3828125,,22448377
005930.KS,2025-02-14,55084.109375,56362.84762834821,55084.109375,55084.109375,,23979779
005930.KS,2025-02-17,55182.47385602679,55575.93178013393,54789.01593191964,55084.109375,,11916027
005930.KS,2025-02-18,55280.83924648506,56264.484072934974,54985.74579855009,55969.390625,,22131007
005930.KS,2025-02-19,56461.214810477,57936.682096465076,56362.85032474446,57739.953125,,25395151
005930.KS,2025-02-20,58133.410771618146,58133.410771618146,57149.765919306505,57444.859375,,21589059
005930.KS,2025-02-21,57444.857871563574,57543.222354220365,56166.11959702535,57248.12890625,,22198428
005930.KS,2025-02-24,56362.8515625,56756.30951407068,56264.48707460733,56362.8515625,,14138471
005930.KS,2025-02-25,55674.29747596154,56854.67127403846,55575.93299278846,56264.484375,,14625181
005930.KS,2025-02-26,56067.75480344523,56166.11928555653,55182.47446444346,55674.296875,,18117091
005930.KS,2025-02-27,55575.932088143876,56166.11897757549,55280.83864342806,55379.203125,,14975356
005930.KS,2025-02-28,54493.92887041285,54789.02234805046,53608.6484375,53608.6484375,,28036698
005930.KS,2025-03-04,53018.461482224775,54100.47090022936,52920.0969896789,53608.6484375,,18553933
005930.KS,2025-03-05,54198.82961516204,54493.9230613426,53116.8203125,53116.8203125,,16578817
005930.KS,2025-03-06,53215.18509726059,53608.64302773941,53116.820614640885,53411.9140625,,12258101
005930.KS,2025-03-07,52624.99759951117,53313.548969972064,52526.633118016754,52821.7265625,,14274992
005930.KS,2025-03-10,52624.99759951117,53903.73585893855,52624.99759951117,52821.7265625,,12921670
005930.KS,2025-03-11,51641.35396017957,53215.18569991838,51641.35396017957,52723.36328125,,17740891
005930.KS,2025-03-12,52920.08841359289,54395.555562670765,52723.35946038251,54002.09765625,,17973221
005930.KS,2025-03-13,54887.38038448355,54985.744865459325,53313.54868887112,53805.37109375,,24132151
005930.KS,2025-03-14,53608.64213179845,54198.82901765311,53510.277650822674,53805.37109375,,10845154
005930.KS,2025-03-17,54592.28729248047,56854.67036946615,54493.9228108724,56657.94140625,,35559021
005930.KS,2025-03-18,57838.315185546875,58035.04414876302,56362.84796142578,56657.94140625,,28138594
005930.KS,2025-03-19,56461.2171741453,58231.77799145299,56461.2171741453,57543.2265625,,29421759
005930.KS,2025-03-20,58231.77699335548,59313.78636316445,57543.22557620432,59215.421875,,34989004
005930.KS,2025-03-21,59903.970845573334,60690.88671875,59412.14842483792,60690.88671875,,40155612
005930.KS,2025-03-24,60199.06704545455,60592.525,59510.515625,59510.515625,,14088094
005930.KS,2025-03-25,59903.970252403844,60100.69921875,58526.867487980766,58821.9609375,,17259455
005930.KS,2025-03-26,58821.96123015065,60395.79296875,58723.59674648819,60395.79296875,,16431645
005930.KS,2025-03-27,59903.969660194176,60985.97896440129,59805.60517799353,60789.25,,20389790
005930.KS,2025-03-28,60061.97884655316,60457.77442379568,59369.33658637874,59567.234375,,16282514
005930.KS,2025-03-31,58874.58812040441,59072.48589559905,57192.45703125,57192.45703125,,17633494
005930.KS,2025-04-01,58083.000325520836,58973.540364583336,57291.4091796875,58181.94921875,,13841706
005930.KS,2025-04-02,58181.94921875,58775.642578125,57687.204752604164,58181.94921875,,14402297
005930.KS,2025-04-03,56301.916388617625,57192.45636664497,56301.916388617625,56994.55859375,,19508076
005930.KS,2025-04-04,55609.27701648841,57588.254846256685,55114.53255904635,55510.328125,,23527139
005930.KS,2025-04-07,52739.75748208411,53531.34858875705,52541.85970541588,52640.80859375,,31998883
005930.KS,2025-04-08,54421.889602803734,54718.736273364484,52739.75846962617,52937.65625,,25532845
005930.KS,2025-04-09,52739.76074587264,53729.24969044811,52343.96516804245,52442.9140625,,20576960
005930.KS,2025-04-10,56005.073567708336,56104.0224609375,54421.891276041664,55807.17578125,,22948172
005930.KS,2025-04-11,55015.584635416664,55114.533528645836,54223.993489583336,54619.7890625,,13930480
005930.KS,2025-04-14,55708.22623582073,56104.02180410364,55213.48177546708,55609.27734375,,12852613
005930.KS,2025-04-15,55708.223650066255,56499.81474988958,55609.274762588335,56005.0703125,,8998640
005930.KS,2025-04-16,55411.37854204753,55609.27632255485,53927.145188242685,54125.04296875,,14437025
005930.KS,2025-04-17,54125.044273196465,54718.73762902677,53927.146487919694,54520.83984375,,10867069
005930.KS,2025-04-18,54718.73828125,55015.58496270343,54322.94270597875,54718.73828125,,5848342
005930.KS,2025-04-21,54619.78971119134,55411.38086642599,54520.84081678701,54817.6875,,5941847
005930.KS,2025-04-22,54322.94173295455,54916.63508522727,54125.04394886364,54421.890625,,9532469
005930.KS,2025-04-23,55411.38184470377,55510.33074085503,54916.63736394749,55114.53515625,,11148692
005930.KS,2025-04-24,55015.586260098746,55213.48405240126,54619.79067549372,55114.53515625,,10580377
005930.KS,2025-04-25,55807.1774293088,55807.1774293088,55015.586260098746,55114.53515625,,12183303
005930.KS,2025-04-28,55213.484375,55312.43327172939,54916.63768481182,55213.484375,,9341518
005930.KS,2025-04-29,55114.535478270605,55906.12665210573,55015.58658154122,55213.484375,,10295518
005930.KS,2025-04-30,55312.43229870495,55411.38119369369,54718.73892877252,54916.63671875,,13014189
005930.KS,2025-05-02,54421.89226519337,54916.63674033149,53630.30110497237,53729.25,,22454204
005930.KS,2025-05-07,53927.14486034798,54421.88930860806,53729.247081043955,54026.09375,,17136991
005930.KS,2025-05-08,54520.83819826007,54916.63375686813,53927.14486034798,54026.09375,,16320532
005930.KS,2025-05-09,54125.043296646894,54421.889969206204,53828.19662408759,54223.9921875,,7814322
005930.KS,2025-05-12,54619.78531901042,56994.55859375,54421.88754611545,56994.55859375,,15414702
005930.KS,2025-05-13,57093.50908254614,57588.25352866872,56202.96907952549,56301.91796875,,16842801
005930.KS,2025-05-14,56895.61295459495,57291.40852297474,56400.86849412021,56796.6640625,,12468089
005930.KS,2025-05-15,56796.663735274866,57984.0504335733,56499.81706070026,56697.71484375,,13139736
005930.KS,2025-05-16,56796.6620818662,56895.61097051056,56104.019861355635,56202.96875,,10385352
005930.KS,2025-05-19,55807.177755376346,55807.177755376346,54916.63768481182,55213.484375,,9802105
005930.KS,2025-05-20,55609.28028566637,56104.024772193654,55114.53579913909,55312.43359375,,9080577
005930.KS,2025-05-21,55609.279637006286,56005.07522161131,55114.53515625,55114.53515625,,7794181
005930.KS,2025-05-22,54718.73631027194,54916.63409077925,53927.145188242685,54125.04296875,,15254278
005930.KS,2025-05-23,54421.8919366928,54619.789725553506,53531.35188681965,53630.30078125,,11247115
005930.KS,2025-05-26,53333.45184672075,54421.88963951097,53135.55406621344,54125.04296875,,10901337
005930.KS,2025-05-27,53630.29980287569,53927.14648075139,53234.50423237477,53333.453125,,13439520
005930.KS,2025-05-28,53729.2512368627,55510.331388360915,53630.302339557245,55312.43359375,,17516283
005930.KS,2025-05-29,55609.27701648841,55807.17479946524,55015.583667557934,55510.328125,,12936810
005930.KS,2025-05-30,55609.27734375,56598.76626445729,55213.48177546708,55609.27734375,,26219683
005930.KS,2025-06-02,55708.22430677817,56697.71319322183,55609.2754181338,56202.96875,,12870515
005930.KS,2025-06-04,56598.76370566609,57291.40591884732,56202.968155276816,57192.45703125,,19649983
005930.KS,2025-06-05,57489.30408603003,59270.384074925976,57291.40630948604,58478.79296875,,23266027
005930.KS,2025-06-09,59765.130852842805,59765.130852842805,58874.5908235786,59171.4375,,19609659
005930.KS,2025-06-10,59369.333298141886,59468.28218697212,58181.94663217905,58577.7421875,,15305760
005930.KS,2025-06-11,58874.59114800709,59468.28450412145,58775.64225532137,59270.38671875,,13610734
005930.KS,2025-06-12,59072.4876247374,59369.33429621849,58676.69206276261,58874.58984375,,17755115
005930.KS,2025-06-13,59567.23204331047,59567.23204331047,57093.509782375644,57687.203125,,20705979
005930.KS,2025-06-16,57390.35675262238,57489.30564357518,56301.91895214161,56598.765625,,22200872
005930.KS,2025-06-17,57192.45801957831,59171.43580572289,56796.6624623494,57489.3046875,,28637003
005930.KS,2025-06-18,57390.35744147157,59171.4375,57291.4085493311,59171.4375,,17620705
005930.KS,2025-06-19,59864.07774229307,59963.026631123306,58379.84440983953,58577.7421875,,16876278
005930.KS,2025-06-20,58775.640953256305,59171.43651523109,58478.79428177521,58874.58984375,,18072251
005930.KS,2025-06-23,57786.151023706894,57885.09991244612,56994.559913793106,57390.35546875,,16551694
005930.KS,2025-06-24,58775.64417613636,59963.03092716942,58676.69528021694,59864.08203125,,23737899
005930.KS,2025-06-25,60853.56966252039,60952.518556280585,59666.18293739804,60655.671875,,23933612
005930.KS,2025-06-26,60655.67221241695,60655.67221241695,59270.38769206811,59567.234375,,19402300
005930.KS,2025-06-27,59833.04677220395,61326.384046052626,59733.49095394737,60529.9375,,17340470
005930.KS,2025-06-30,60928.16035221572,60928.16035221572,59534.37890625,59534.37890625,,17110294
005930.KS,2025-07-01,60131.71711482559,60828.60787609012,59932.60546875,59932.60546875,,13650991
005930.KS,2025-07-02,59932.60259046053,60629.49331825657,59534.379317434206,60529.9375,,15047951
005930.KS,2025-07-03,61027.71777649882,63516.61328125,60828.60613611873,63516.61328125,,32040639
005930.KS,2025-07-04,64412.617459024485,64412.617459024485,62720.1684686019,63018.8359375,,23748959
005930.KS,2025-07-07,62620.61125531807,63018.83453834076,61425.94140625,61425.94140625,,17164708
005930.KS,2025-07-08,61326.38507736156,62122.83163680782,60729.050157776874,61127.2734375,,20213724
005930.KS,2025-07-09,61127.27303652732,61127.27303652732,59932.60320519454,60131.71484375,,17533415
005930.KS,2025-07-10,60330.82749743853,60928.16242315574,60131.71585553279,60729.05078125,,14768473
005930.KS,2025-07-11,61027.7196111222,62521.05695886581,60928.163787939295,62321.9453125,,19140650
005930.KS,2025-07-14,62023.27508125,62321.9425375,61525.4959875,62222.38671875,,13563846
005930.KS,2025-07-15,62023.27708619505,63516.614415718206,61724.60962029042,63417.05859375,,18442202
005930.KS,2025-07-16,63417.058962036324,64412.6171875,62819.724026758115,64412.6171875,,23042660
005930.KS,2025-07-17,65607.2877857946,66503.29019865068,64113.95043103448,66403.734375,,39448683
005930.KS,2025-07-18,66702.3973081222,67498.84384314455,66005.50658997764,66801.953125,,23951531
005930.KS,2025-07-21,67100.62048303835,68494.40191740413,66901.50884955752,67498.84375,,17723148
005930.KS,2025-07-22,67797.51605113636,68195.73934659091,65308.62045454545,65706.84375,,20829006
005930.KS,2025-07-23,65905.95086596385,66204.61831701807,64611.725244728914,66105.0625,,15687058
005930.KS,2025-07-24,66204.62286931818,66503.2903409091,65607.28792613636,65706.84375,,12660193
005930.KS,2025-07-25,65408.17741132397,66005.51236485205,65209.06576014795,65607.2890625,,8080910
005930.KS,2025-07-28,67897.06884765625,70087.296875,66901.51065340909,70087.296875,,35332500
005930.KS,2025-07-29,70485.51788243627,70485.51788243627,68494.40155807366,70286.40625,,28190940
005930.KS,2025-07-30,70684.6303589876,73372.63742897728,70286.4070893595,72277.5234375,,34761444
005930.KS,2025-07-31,72675.7525822829,73671.31083683473,70684.63607317927,71082.859375,,26568072
005930.KS,2025-08-01,69888.18661556604,71680.19140058054,68494.4051161103,68593.9609375,,24038534
005930.KS,2025-08-04,69191.29461083213,69888.18534791966,68394.8480541607,69390.40625,,14780072
005930.KS,2025-08-05,70684.62960479256,71182.40868651646,69390.40399231044,69589.515625,,14392903
005930.KS,2025-08-06,68892.62954215116,69091.74118822675,67996.62713481105,68494.40625,,12542415
005930.KS,2025-08-07,70485.51901595746,70684.63065159574,69390.4050199468,70186.8515625,,15008213
005930.KS,2025-08-08,70684.6315720752,72078.4130396936,70385.96411472841,71481.078125,,22241128
005930.KS,2025-08-11,71680.19102112677,71779.74684198944,70485.52117077465,70684.6328125,,11354253
005930.KS,2025-08-12,70784.1875,72078.41315049227,70784.1875,70784.1875,,15797656
005930.KS,2025-08-13,71580.6328125,71779.74444758345,71082.85372479138,71580.6328125,,12305742
005930.KS,2025-08-14,71580.6362168296,71580.6362168296,70883.74546089386,71281.96875,,11946122
005930.KS,2025-08-18,70784.18427455357,70883.74008928571,69689.0703125,69689.0703125,,13595591
005930.KS,2025-08-19,70087.29357142857,70385.961015625,69390.40286830357,69689.0703125,,10533082
005930.KS,2025-08-20,69788.6282912234,70385.9631981383,69091.73756648936,70186.8515625,,17445516
005930.KS,2025-08-21,71182.40859596318,71580.6318608357,70286.40625,70286.40625,,18843833
005930.KS,2025-08-22,71381.52685136555,71481.08267682072,70485.5244222689,71082.859375,,9277432
005930.KS,2025-08-25,71381.52571022727,71481.0815340909,70684.63494318182,71182.4140625,,10345178
005930.KS,2025-08-26,70485.52129267425,70784.18875577881,69987.7421875,69987.7421875,,14712519
005930.KS,2025-08-27,69788.62716890934,70585.07369865439,69489.95972025496,70286.40625,,10523405
005930.KS,2025-08-28,69788.63066855245,70087.2981321839,69290.8515625,69290.8515625,,11578024
005930.KS,2025-08-29,69788.62952833573,70186.85280667145,69390.40625,69390.40625,,11682267
005930.KS,2025-09-01,68096.18093565089,68295.29257581361,67200.17855491863,67299.734375,,12002343
005930.KS,2025-09-02,67498.84467709842,69191.29358493126,67498.84467709842,68793.0703125,,10604028
005930.KS,2025-09-03,68892.62602972779,69489.9609375,68494.40275787965,69489.9609375,,10283009
005930.KS,2025-09-04,69191.2978668866,69788.6328125,68992.18621834878,69788.6328125,,12284414
005930.KS,2025-09-05,69987.74345773381,70087.29928057553,69191.296875,69191.296875,,11526724
005930.KS,2025-09-08,69489.9653396933,70186.8561095756,69290.8536911555,69788.6328125,,9263135
005930.KS,2025-09-09,69788.63252840909,71182.4140625,69689.07670454546,71182.4140625,,14870245
005930.KS,2025-09-10,71481.0768982438,72476.63507231405,71281.96526342975,72277.5234375,,21928565
005930.KS,2025-09-11,72874.85711852861,73273.08038147139,71779.74314543596,73073.96875,,20793501
005930.KS,2025-09-12,74268.6394023541,75264.19757128647,73870.41613478116,75065.0859375,,28219678
005930.KS,2025-09-15,76857.09387254901,77255.31715686274,75562.86819852941,76160.203125,,19908805
005930.KS,2025-09-16,76558.42483666561,79146.87613153337,76359.31319859887,79047.3203125,,28218265
005930.KS,2025-09-17,78748.65078524617,78748.65078524617,76757.53445692135,77852.6484375,,20856317
005930.KS,2025-09-18,78748.65051953612,80142.43194466065,78250.8714391345,79943.3203125,,25619035
005930.KS,2025-09-22,81137.99298278443,83626.88847305388,80739.76970434132,83129.109375,,27529656
005930.KS,2025-09-23,85418.8952922078,85518.45111422669,83228.66720779221,84323.78125,,23610263
005930.KS,2025-09-24,83826.00201258782,85120.22769686769,83328.22290324942,85020.671875,,18300997
005930.KS,2025-09-25,84025.11353077817,85817.11832171892,83726.44606562136,85717.5625,,19665151
005930.KS,2025-09-26,84622.44897959183,84921.11644657863,82033.99759903962,82930.0,,24071193
005930.KS,2025-09-29,83300.0,85000.0,83200.0,84200.0,,13069094
005930.KS,2025-09-30,84600.0,84900.0,83400.0,83900.0,,16319061
005930.KS,2025-10-01,84900.0,86200.0,84700.0,86000.0,,22039361
005930.KS,2025-10-02,89300.0,90300.0,88700.0,89750.0,,49883028
005930.KS,2025-10-10,94000.0,94500.0,92700.0,94400.0,,35269748
005930.KS,2025-10-13,91300.0,93400.0,90700.0,93300.0,,23883308
005930.KS,2025-10-14,95300.0,96000.0,90200.0,91600.0,,35545235
005930.KS,2025-10-15,92300.0,95300.0,92100.0,95000.0,,21050111
005930.KS,2025-10-16,95300.0,97700.0,95000.0,97700.0,,28141060
005930.KS,2025-10-17,97200.0,99100.0,96700.0,97900.0,,22730809
005930.KS,2025-10-20,97900.0,98300.0,96000.0,98100.0,,17589756
005930.KS,2025-10-21,98500.0,99900.0,97300.0,97500.0,,22803830
005930.KS,2025-10-22,97100.0,98600.0,95500.0,98600.0,,15937611
005930.KS,2025-10-23,96800.0,98500.0,96300.0,96500.0,,18488581
005930.KS,2025-10-24,97900.0,99000.0,97700.0,98800.0,,18801925
005930.KS,2025-10-27,101300.0,102000.0,100600.0,102000.0,,22169970
005930.KS,2025-10-28,100900.0,101000.0,99100.0,99500.0,,20002282
005930.KS,2025-10-29,100200.0,101000.0,99100.0,100500.0,,20899788
005930.KS,2025-10-30,102400.0,105800.0,102000.0,104100.0,,34570017
005930.KS,2025-10-31,105000.0,108600.0,103300.0,107500.0,,54824564
005930.KS,2025-11-03,106900.0,111500.0,106500.0,111100.0,,30110066
005930.KS,2025-11-04,111800.0,112400.0,104900.0,104900.0,,30450281
005930.KS,2025-11-05,101000.0,102000.0,96700.0,100600.0,,44843020
005930.KS,2025-11-06,103700.0,103800.0,98800.0,99200.0,,28655689
005930.KS,2025-11-07,96400.0,100300.0,96300.0,97900.0,,22908083
005930.KS,2025-11-10,98600.0,101000.0,97900.0,100600.0,,23842327
005930.KS,2025-11-11,103700.0,106000.0,102000.0,103500.0,,27742542
005930.KS,2025-11-12,103000.0,103900.0,101600.0,103100.0,,19413497
005930.KS,2025-11-13,102500.0,104200.0,102300.0,102800.0,,20838741
005930.KS,2025-11-14,99000.0,99600.0,97200.0,97200.0,,21806342
005930.KS,2025-11-17,99800.0,101000.0,99500.0,100600.0,,17192584
005930.KS,2025-11-18,99800.0,100900.0,97500.0,97800.0,,18684068
